categorie,keyword,langue
Lifestyle,nutrition,en
Lifestyle,healthy eating,en
Lifestyle,meal prep,en
Lifestyle,home organization,en
Lifestyle,cleaning,en
Lifestyle,diy,en
Entertainment,gaming,en
Entertainment,lets play,en
Entertainment,gameplay,en
Entertainment,fortnite,en
Entertainment,minecraft,en
Entertainment,roblox,en
Entertainment,valorant,en
Entertainment,league of legends,en
Entertainment,esports,en
Entertainment,streaming,en
Entertainment,comedy,en
Entertainment,pranks,en
Entertainment,challenges,en
Entertainment,reactions,en
Entertainment,music,en
Entertainment,cover,en
Entertainment,remix,en
Entertainment,beats,en
Entertainment,rap,en
Entertainment,pop music,en
Entertainment,rock music,en
Beauty,makeup,en
Beauty,skincare,en
Beauty,beauty,en
Beauty,makeup tutorial,en
Beauty,beauty routine,en
Beauty,hair tutorial,en
Beauty,hairstyle,en
Beauty,nails,en
Beauty,fashion,en
Beauty,outfit ideas,en
Beauty,styling,en
Beauty,get ready with me,en
Beauty,grwm,en
Education,tutorial,en
Education,how to,en
Education,course,en
Education,learning,en
Education,education,en
Education,study,en
Education,exam,en
Education,mathematics,en
Education,physics,en
Education,chemistry,en
Education,biology,en
Education,history,en
Education,geography,en
Education,language learning,en
Education,english learning,en
Education,spanish learning,en
Food,cooking,en
Food,recipe,en
Food,baking,en
Food,food,en
Food,chef,en
Food,restaurant,en
Food,food review,en
Food,mukbang,en
Food,asmr eating,en
Food,dessert,en
Food,vegan,en
Food,vegetarian,en
Food,keto,en
Travel,travel,en
Travel,travel guide,en
Travel,backpacking,en
Travel,budget travel,en
Travel,luxury travel,en
Travel,adventure,en
Travel,exploration,en
Travel,destination,en
Travel,tourism,en
Travel,van life,en
Review,review,en
Review,unboxing,en
Review,product review,en
Review,tech review,en
Review,phone review,en
Review,laptop review,en
Review,camera review,en
Review,comparison,en
Review,vs,en
Review,best of,en
Sports,sports,en
Sports,football,en
Sports,soccer,en
Sports,basketball,en
Sports,tennis,en
Sports,golf,en
Sports,boxing,en
Sports,mma,en
Sports,ufc,en
Sports,training,en
Sports,highlights,en
Sports,analysis,en
Motivation,motivation,en
Motivation,inspiration,en
Motivation,motivational speech,en
Motivation,success,en
Motivation,mindset,en
Motivation,discipline,en
Motivation,goals,en
Motivation,hustle,en
Motivation,personal development,en
News,news,en
News,breaking news,en
News,world news,en
News,politics,en
News,current events,en
News,documentary,en
News,investigation,en
News,journalism,en
Automotive,cars,en
Automotive,automotive,en
Automotive,car review,en
Automotive,supercar,en
Automotive,electric car,en
Automotive,tesla,en
Automotive,modified cars,en
Automotive,racing,en
Automotive,formula 1,en
Parenting,parenting,en
Parenting,kids,en
Parenting,baby,en
Parenting,pregnancy,en
Parenting,mom life,en
Parenting,dad life,en
Parenting,toddler,en
Art,art,en
Art,drawing,en
Art,painting,en
Art,digital art,en
Art,illustration,en
Art,animation,en
Art,3d modeling,en
Art,graphic design,en
Art,photography,en
Pets,pets,en
Pets,dogs,en
Pets,cats,en
Pets,pet care,en
Pets,animals,en
Pets,cute animals,en
Science,science,en
Science,physics,en
Science,astronomy,en
Science,space,en
Science,nasa,en
Science,experiment,en
Science,engineering,en
Science,technology,en
Francais,business,fr
Francais,entreprise,fr
Francais,marketing,fr
Francais,vlog,fr
Francais,cuisine,fr
Francais,beaut√©,fr
Francais,mode,fr
Francais,tech,fr
Francais,gaming,fr
Francais,humour,fr
Francais,voyage,fr
Francais,sport,fr
Francais,musique,fr
Francais,tutoriel,fr
Francais,motivation,fr